,accuracy,f1_score
facial_recognition,0.8333333333333334,0.8317460317460318
voice_verification,0.75,0.7388888888888889
product_recommendation,0.8709677419354839,0.8711632453567938
